{
   "packages":[
      {
         "name":"FemtoCow-attiny",
         "maintainer":"FemtoCow",
         "websiteURL":"https://github.com/FemtoCow",
         "email":"dontbother@femtocow.com",
         "help":{
            "online":"https://github.com/FemtoCow"
         },
         "platforms":[
            {
               "name":"FemtoCow ATTiny",
               "architecture":"avr",
               "version":"1.0.0",
               "category":"MooCow",
               "url":"https://dl.dropboxusercontent.com/u/2807353/femtoCore/tiny.zip",
               "archiveFileName":"tiny.zip",
               "checksum":"SHA-256:1e047bf967ff1b9fb404c44ac0d2c8ec2e882262c2eed4773f5cf9af7a5c3ffc",
               "size":"279287",
               "help":{
                  "online":"https://github.com/FemtoCow"
               },
               "boards":[
                  {
                     "name":"ATTint84"
                  },
                  {
                     "name":"ATTint85"
                  },
                  {
                     "name":"ATTint2313"
                  },
                  {
                     "name":"ATTint861"
                  },
                  {
                     "name":"ATTint167"
                  },
                  {
                     "name":"ATTint88"
                  }
               ],
               "toolsDependencies":[
                  {
                     "packager":"arduino",
                     "name":"avr-gcc",
                     "version":"4.8.1-arduino5"
                  },
                  {
                     "packager":"arduino",
                     "name":"avrdude",
                     "version":"6.0.1-arduino5"
                  }
               ]
            }
         ],
         "tools":[]
      }
   ]
}
